no	term	description	keywords	aliases	topic	figure_id	source_id	source_title	source_authority	source_version	source_page_or_section	effective_date	reviewed_at	reviewer	approval_status
1	Biểu đồ nhiệt (Heatmap) thể hiện thông tin gì trong phân tích di truyền quần thể?	Biểu đồ nhiệt (Heatmap) là công cụ trực quan hóa ma trận FST trung bình giữa các quần thể khác nhau, bao gồm quần thể Việt Nam và các nhóm AA, Cauc, Hisp, Asian. Nó giúp người dùng nhanh chóng nhận diện mức độ khác biệt di truyền giữa các nhóm thông qua thang màu, từ đó hỗ trợ đánh giá cấu trúc di truyền quần thể trong hệ thống giám định ADN. Trong bối cảnh giám định hài cốt liệt sĩ, biểu đồ này rất hữu ích để so sánh mẫu hài cốt với các quần thể tham chiếu.	heatmap, biểu đồ nhiệt, FST, pairwise, population, Viet Nam		figure_faq	heatmap1	internal-figure-faq	Bộ câu hỏi đáp hình minh họa giám định ADN	Chatbot - nội dung dự án	1.0	heatmap1	2026-08-12	2026-08-12	Dữ liệu dự án hiện hành	approved
2	Mẫu hài cốt có vị trí trên biểu đồ nhiệt như thế nào so với các nhóm dân tộc khác?	Biểu đồ nhiệt (Heatmap) hiển thị rõ vị trí của quần thể Việt Nam so với các nhóm dân tộc khác thông qua các giá trị FST được mã hóa màu. Người dùng có thể dễ dàng quan sát xem quần thể Việt Nam nằm ở mức độ khác biệt di truyền cao hay thấp so với AA, Cauc, Hisp và Asian. Điều này hỗ trợ xác định nguồn gốc di truyền của mẫu hài cốt liệt sĩ một cách khách quan và khoa học trong hệ thống.	heatmap, biểu đồ nhiệt, FST, Viet Nam		figure_faq	heatmap1	internal-figure-faq	Bộ câu hỏi đáp hình minh họa giám định ADN	Chatbot - nội dung dự án	1.0	heatmap1	2026-08-12	2026-08-12	Dữ liệu dự án hiện hành	approved
3	Các màu sắc trên biểu đồ nhiệt biểu thị mức độ khác biệt di truyền như thế nào?	Biểu đồ nhiệt sử dụng thang màu gradient để biểu thị mức độ khác biệt di truyền (FST) giữa các cặp quần thể: màu tối thường đại diện cho sự tương đồng cao (FST thấp), trong khi màu sáng hơn cho thấy sự khác biệt rõ rệt. Người dùng có thể nhanh chóng nhận biết mối quan hệ di truyền giữa Việt Nam và các nhóm khác chỉ qua màu sắc. Trong giám định ADN, điều này giúp đánh giá độ tin cậy khi so sánh mẫu hài cốt với cơ sở dữ liệu tham chiếu.	heatmap, biểu đồ nhiệt, FST		figure_faq	heatmap1	internal-figure-faq	Bộ câu hỏi đáp hình minh họa giám định ADN	Chatbot - nội dung dự án	1.0	heatmap1	2026-08-12	2026-08-12	Dữ liệu dự án hiện hành	approved
4	Biểu đồ nhiệt cho biết quần thể nào có sự khác biệt di truyền cao nhất?	Biểu đồ nhiệt (Heatmap) cho phép người dùng xác định ngay quần thể nào (đặc biệt là Việt Nam) có mức độ FST cao nhất so với các nhóm còn lại. Bằng cách quan sát các ô màu sáng nhất ở hàng hoặc cột tương ứng với Việt Nam, nhà phân tích có thể đánh giá mức độ phân hóa di truyền. Thông tin này rất quan trọng trong hệ thống giám định hài cốt liệt sĩ để lựa chọn quần thể tham chiếu phù hợp nhất.	heatmap, FST, Viet Nam		figure_faq	heatmap1	internal-figure-faq	Bộ câu hỏi đáp hình minh họa giám định ADN	Chatbot - nội dung dự án	1.0	heatmap1	2026-08-12	2026-08-12	Dữ liệu dự án hiện hành	approved
5	Làm thế nào để xác định sự khác biệt di truyền của mẫu hài cốt qua biểu đồ nhiệt?	Biểu đồ nhiệt cung cấp cách trực quan để so sánh mức độ FST của quần thể Việt Nam với các nhóm dân tộc khác, từ đó giúp xác định xem mẫu hài cốt có phù hợp với quần thể nào nhất. Người dùng chỉ cần nhìn vào màu sắc và vị trí của các ô liên quan đến Việt Nam để đánh giá. Kết quả này hỗ trợ đưa ra quyết định chính xác hơn trong quy trình giám định ADN và phân tích nguồn gốc di truyền.	heatmap, FST, Viet Nam		figure_faq	heatmap1	internal-figure-faq	Bộ câu hỏi đáp hình minh họa giám định ADN	Chatbot - nội dung dự án	1.0	heatmap1	2026-08-12	2026-08-12	Dữ liệu dự án hiện hành	approved
6	Biểu đồ Venn thể hiện mối quan hệ gì giữa các vùng dữ liệu trong hệ thống giám định?	Biểu đồ Venn sử dụng các vòng tròn giao nhau để minh họa mối quan hệ tập hợp giữa dữ liệu của các vùng siêu biến HV1, HV2 và HV3 trong hệ thống giám định ADN. Nó cho thấy rõ phần dữ liệu độc lập của từng vùng cũng như phần chồng chéo giữa chúng. Trong giám định hài cốt liệt sĩ, biểu đồ này giúp đánh giá mức độ đầy đủ của dữ liệu mtDNA trên các vùng mục tiêu.	biểu đồ Venn, HV1 HV2 HV3, overlap, vùng siêu biến		figure_faq	venn1	internal-figure-faq	Bộ câu hỏi đáp hình minh họa giám định ADN	Chatbot - nội dung dự án	1.0	venn1	2026-08-12	2026-08-12	Dữ liệu dự án hiện hành	approved
7	Số lượng mẫu trong từng vòng tròn biểu thị thông tin gì trong biểu đồ Venn?	Biểu đồ Venn thể hiện số lượng mẫu dữ liệu thuộc từng vùng HV1, HV2, HV3 riêng lẻ cũng như số mẫu có dữ liệu đồng thời ở nhiều vùng. Các vòng tròn độc lập cho biết dữ liệu chỉ có ở một vùng, trong khi phần giao nhau phản ánh sự chồng chéo. Thông tin này hỗ trợ nhà phân tích đánh giá chất lượng và độ phủ của dữ liệu mtDNA trong cơ sở dữ liệu hài cốt.	biểu đồ Venn, HV1, HV2, HV3		figure_faq	venn1	internal-figure-faq	Bộ câu hỏi đáp hình minh họa giám định ADN	Chatbot - nội dung dự án	1.0	venn1	2026-08-12	2026-08-12	Dữ liệu dự án hiện hành	approved
8	Phần giao nhau giữa các vòng tròn có ý nghĩa phân tích gì đặc biệt?	Phần giao nhau trong biểu đồ Venn cho biết số mẫu có dữ liệu đồng thời ở nhiều vùng siêu biến HV1, HV2, HV3, giúp đánh giá mức độ đầy đủ của thông tin di truyền trên cùng một mẫu. Phần giao nhau càng lớn càng cho thấy dữ liệu chất lượng cao và đáng tin cậy hơn cho phân tích. Trong hệ thống giám định, điều này hỗ trợ quyết định xem mẫu hài cốt có đủ điều kiện để đối sánh hay cần bổ sung dữ liệu thêm.	biểu đồ Venn, overlap		figure_faq	venn1	internal-figure-faq	Bộ câu hỏi đáp hình minh họa giám định ADN	Chatbot - nội dung dự án	1.0	venn1	2026-08-12	2026-08-12	Dữ liệu dự án hiện hành	approved
9	Vùng giao nhau giữa HV1 và HV2 có ý nghĩa di truyền là gì?	Biểu đồ Venn làm nổi bật vùng giao nhau giữa HV1 và HV2, giúp người dùng hiểu rõ mức độ chồng chéo dữ liệu giữa hai vùng siêu biến quan trọng này trong mtDNA. Sự chồng chéo này phản ánh tính nhất quán và độ tin cậy của dữ liệu giải trình tự. Trong giám định hài cốt liệt sĩ, thông tin này rất hữu ích để đánh giá chất lượng mẫu trước khi thực hiện đối sánh.	biểu đồ Venn, HV1 HV2		figure_faq	venn1	internal-figure-faq	Bộ câu hỏi đáp hình minh họa giám định ADN	Chatbot - nội dung dự án	1.0	venn1	2026-08-12	2026-08-12	Dữ liệu dự án hiện hành	approved
10	Biểu đồ Venn giúp phát hiện điểm bất thường nào trong dữ liệu giám định?	Biểu đồ Venn giúp phát hiện nhanh các điểm bất thường như vùng dữ liệu thiếu hụt nghiêm trọng hoặc chồng chéo bất thường giữa HV1, HV2, HV3. Nếu một vùng nào đó gần như không có dữ liệu hoặc giao nhau quá ít, hệ thống có thể cần kiểm tra lại quy trình giải trình tự. Đây là công cụ quan trọng để đảm bảo chất lượng dữ liệu trước khi tiến hành các bước giám định tiếp theo.	biểu đồ Venn, HV1 HV2 HV3		figure_faq	venn1	internal-figure-faq	Bộ câu hỏi đáp hình minh họa giám định ADN	Chatbot - nội dung dự án	1.0	venn1	2026-08-12	2026-08-12	Dữ liệu dự án hiện hành	approved
11	Biểu đồ tròn (Pie chart) thể hiện phân bố Haplogroup nào tại Việt Nam?	Biểu đồ tròn (Pie chart) thể hiện tỷ lệ phân bố hồ sơ theo đơn vị xét nghiệm chính, cụ thể là mức độ tập trung vào Công ty cổ phần Genestory. Nó giúp người dùng hình dung rõ ràng nguồn dữ liệu đang được xử lý bởi đơn vị nào trong toàn hệ thống. Trong bối cảnh giám định ADN hài cốt liệt sĩ, biểu đồ này hỗ trợ đánh giá tính tập trung và quản lý chất lượng dữ liệu xét nghiệm.	pie chart, biểu đồ tròn, đơn vị xét nghiệm, Genestory		figure_faq	pie1	internal-figure-faq	Bộ câu hỏi đáp hình minh họa giám định ADN	Chatbot - nội dung dự án	1.0	pie1	2026-08-12	2026-08-12	Dữ liệu dự án hiện hành	approved
12	Haplogroup chiếm tỷ lệ lớn nhất trong biểu đồ tròn là nhóm nào?	Biểu đồ tròn pie1 cho biết đơn vị xét nghiệm nào đang chiếm tỷ lệ tuyệt đối hoặc gần như toàn bộ hồ sơ trong hệ thống. Bằng cách quan sát phần lớn nhất của biểu đồ, người dùng có thể đánh giá mức độ phụ thuộc vào một đơn vị duy nhất. Điều này giúp quản lý hệ thống nắm bắt rõ nguồn gốc dữ liệu để đảm bảo tính thống nhất và chất lượng cao.	pie chart, Genestory, đơn vị xét nghiệm		figure_faq	pie1	internal-figure-faq	Bộ câu hỏi đáp hình minh họa giám định ADN	Chatbot - nội dung dự án	1.0	pie1	2026-08-12	2026-08-12	Dữ liệu dự án hiện hành	approved
13	Các Haplogroup nhỏ chiếm tỷ trọng bao nhiêu phần trăm trong phân bố?	Biểu đồ tròn pie1 thể hiện sự tập trung mạnh mẽ của toàn bộ hồ sơ vào một đơn vị xét nghiệm chính (Genestory). Phần nhỏ hoặc gần như không tồn tại của các đơn vị khác cho thấy hệ thống hiện đang hoạt động với nguồn dữ liệu rất tập trung. Trong giám định hài cốt, điều này mang lại lợi ích về tính đồng nhất quy trình xét nghiệm.	pie chart, Genestory		figure_faq	pie1	internal-figure-faq	Bộ câu hỏi đáp hình minh họa giám định ADN	Chatbot - nội dung dự án	1.0	pie1	2026-08-12	2026-08-12	Dữ liệu dự án hiện hành	approved
14	Haplogroup B4 và B5 chiếm tỷ lệ bao nhiêu phần trăm trong quần thể người Việt?	Biểu đồ tròn pie1 giúp đánh giá tính tập trung của dữ liệu xét nghiệm, từ đó hỗ trợ quyết định chiến lược mở rộng hoặc duy trì nguồn dữ liệu từ đơn vị chính. Việc tất cả hoặc gần như toàn bộ hồ sơ thuộc một đơn vị giúp dễ dàng kiểm soát chất lượng và tiêu chuẩn hóa quy trình. Đây là thông tin quan trọng cho quản trị hệ thống giám định ADN.	pie chart, đơn vị xét nghiệm		figure_faq	pie1	internal-figure-faq	Bộ câu hỏi đáp hình minh họa giám định ADN	Chatbot - nội dung dự án	1.0	pie1	2026-08-12	2026-08-12	Dữ liệu dự án hiện hành	approved
15	Làm thế nào để xác định nguồn gốc tổ tiên của mẫu hài cốt qua biểu đồ tròn?	Biểu đồ tròn pie1 cho phép người dùng nhanh chóng nhận biết mức độ phụ thuộc của hệ thống vào đơn vị xét nghiệm Genestory. Từ đó có thể đánh giá tính ổn định và chất lượng tổng thể của dữ liệu đầu vào. Trong quy trình giám định hài cốt liệt sĩ, thông tin này hỗ trợ lập kế hoạch thu thập và tích hợp dữ liệu hiệu quả hơn.	pie chart, Genestory		figure_faq	pie1	internal-figure-faq	Bộ câu hỏi đáp hình minh họa giám định ADN	Chatbot - nội dung dự án	1.0	pie1	2026-08-12	2026-08-12	Dữ liệu dự án hiện hành	approved
16	Biểu đồ tròn thể hiện tỷ lệ hồ sơ hài cốt liệt sĩ theo đơn vị cung cấp nào?	Biểu đồ tròn pie2 thể hiện tỷ lệ phân bố hồ sơ hài cốt liệt sĩ theo hai nguồn chính: C06 và UNKNOWN. Nó giúp người dùng hình dung rõ tỷ lệ giữa hồ sơ có nguồn gốc rõ ràng và hồ sơ chưa được làm rõ nguồn cung cấp. Trong hệ thống giám định, biểu đồ này hỗ trợ đánh giá chất lượng và khả năng truy vết nguồn gốc dữ liệu hài cốt.	pie chart, hài cốt liệt sĩ, C06, UNKNOWN		figure_faq	pie2	internal-figure-faq	Bộ câu hỏi đáp hình minh họa giám định ADN	Chatbot - nội dung dự án	1.0	pie2	2026-08-12	2026-08-12	Dữ liệu dự án hiện hành	approved
17	Ý nghĩa của biểu đồ tròn pie2?	Biểu đồ tròn pie2 cung cấp cái nhìn tổng quan về nguồn cung cấp hồ sơ hài cốt liệt sĩ, nhấn mạnh phần UNKNOWN cần được chú ý. Người quản lý có thể sử dụng thông tin này để lập kế hoạch làm rõ nguồn gốc dữ liệu. Điều này góp phần nâng cao độ tin cậy và tính toàn vẹn của cơ sở dữ liệu giám định ADN.	pie chart, hài cốt liệt sĩ, đơn vị cung cấp		figure_faq	pie2	internal-figure-faq	Bộ câu hỏi đáp hình minh họa giám định ADN	Chatbot - nội dung dự án	1.0	pie2	2026-08-12	2026-08-12	Dữ liệu dự án hiện hành	approved
18	Biểu đồ pie2 cho biết điều gì về nguồn dữ liệu hài cốt?	Biểu đồ pie2 làm nổi bật sự chênh lệch giữa hồ sơ có nguồn cung cấp rõ ràng (C06) và phần UNKNOWN, giúp hệ thống xác định các hồ sơ cần xử lý bổ sung. Việc theo dõi tỷ lệ UNKNOWN là rất quan trọng để cải thiện chất lượng dữ liệu tổng thể. Trong giám định hài cốt liệt sĩ, biểu đồ này hỗ trợ ưu tiên các hoạt động truy vết nguồn gốc.	pie chart, UNKNOWN, C06		figure_faq	pie2	internal-figure-faq	Bộ câu hỏi đáp hình minh họa giám định ADN	Chatbot - nội dung dự án	1.0	pie2	2026-08-12	2026-08-12	Dữ liệu dự án hiện hành	approved
19	Tầm quan trọng của việc giảm tỷ lệ UNKNOWN?	Biểu đồ tròn pie2 nhấn mạnh nhu cầu giảm tỷ lệ UNKNOWN bằng cách làm rõ nguồn cung cấp hồ sơ hài cốt liệt sĩ. Khi phần UNKNOWN giảm, độ tin cậy và khả năng đối sánh của hệ thống sẽ được nâng cao đáng kể. Đây là công cụ trực quan quan trọng cho quản lý dữ liệu trong toàn bộ quy trình giám định.	pie chart, UNKNOWN, hài cốt liệt sĩ		figure_faq	pie2	internal-figure-faq	Bộ câu hỏi đáp hình minh họa giám định ADN	Chatbot - nội dung dự án	1.0	pie2	2026-08-12	2026-08-12	Dữ liệu dự án hiện hành	approved
20	Biểu đồ pie2 hỗ trợ quản lý dữ liệu hài cốt như thế nào?	Biểu đồ pie2 cung cấp cái nhìn trực quan giúp quản lý theo dõi và cải thiện chất lượng nguồn cung cấp hồ sơ liệt sĩ. Bằng cách quan sát tỷ lệ giữa C06 và UNKNOWN, người dùng có thể đưa ra các biện pháp cụ thể để tối ưu hóa dữ liệu. Thông tin này đóng vai trò then chốt trong việc nâng cao hiệu quả giám định ADN.	pie chart, hài cốt liệt sĩ		figure_faq	pie2	internal-figure-faq	Bộ câu hỏi đáp hình minh họa giám định ADN	Chatbot - nội dung dự án	1.0	pie2	2026-08-12	2026-08-12	Dữ liệu dự án hiện hành	approved
21	Biểu đồ donut Loại dữ liệu STR thể hiện thông tin gì?	Biểu đồ donut thể hiện phân loại số lượng hồ sơ STR theo số hồ sơ ADN mà mỗi công dân có trong cơ sở dữ liệu. Nó giúp người dùng hiểu rõ mức độ sẵn có của dữ liệu STR trên từng cá nhân. Trong hệ thống giám định hài cốt liệt sĩ, biểu đồ này hỗ trợ đánh giá quy mô và chất lượng dữ liệu STR để lập kế hoạch đối sánh.	pie chart, donut, STR, hồ sơ ADN		figure_faq	pie3	internal-figure-faq	Bộ câu hỏi đáp hình minh họa giám định ADN	Chatbot - nội dung dự án	1.0	pie3	2026-08-12	2026-08-12	Dữ liệu dự án hiện hành	approved
22	Ý nghĩa của donut chart STR?	Biểu đồ donut STR cho biết tỷ lệ công dân có một, hai hoặc nhiều hơn hai hồ sơ STR, từ đó phản ánh tính đa dạng và độ sâu của cơ sở dữ liệu. Người dùng có thể sử dụng thông tin này để đánh giá mức độ sẵn sàng cho các phân tích di truyền phức tạp. Đây là công cụ quan trọng để quản lý và mở rộng cơ sở dữ liệu giám định.	pie chart, STR, hồ sơ ADN		figure_faq	pie3	internal-figure-faq	Bộ câu hỏi đáp hình minh họa giám định ADN	Chatbot - nội dung dự án	1.0	pie3	2026-08-12	2026-08-12	Dữ liệu dự án hiện hành	approved
23	Biểu đồ donut STR phản ánh điều gì về cơ sở dữ liệu?	Biểu đồ donut STR thể hiện mức độ đa dạng số lượng hồ sơ STR trên mỗi công dân, giúp đánh giá tổng thể chất lượng và quy mô dữ liệu. Khi tỷ lệ công dân có nhiều hồ sơ tăng, khả năng đối sánh huyết thống sẽ được cải thiện. Trong giám định ADN, biểu đồ này hỗ trợ ra quyết định chiến lược về marker di truyền.	pie chart, STR		figure_faq	pie3	internal-figure-faq	Bộ câu hỏi đáp hình minh họa giám định ADN	Chatbot - nội dung dự án	1.0	pie3	2026-08-12	2026-08-12	Dữ liệu dự án hiện hành	approved
24	So sánh donut STR với mtDNA có ý nghĩa gì?	Biểu đồ donut STR cho phép so sánh trực tiếp quy mô và phân bố hồ sơ STR so với mtDNA, từ đó hiểu rõ điểm mạnh của từng loại marker. Sự so sánh này giúp hệ thống tối ưu hóa việc sử dụng dữ liệu trong các trường hợp giám định khác nhau. Đây là thông tin quan trọng cho cả nhà phân tích và quản trị hệ thống.	pie chart, STR, mtDNA		figure_faq	pie3	internal-figure-faq	Bộ câu hỏi đáp hình minh họa giám định ADN	Chatbot - nội dung dự án	1.0	pie3	2026-08-12	2026-08-12	Dữ liệu dự án hiện hành	approved
25	Khi nào nên ưu tiên sử dụng dữ liệu STR?	Biểu đồ donut STR hỗ trợ quyết định khi nào nên ưu tiên marker STR dựa trên số lượng và phân bố hồ sơ hiện có. Khi dữ liệu STR phong phú, hệ thống có thể đạt độ chính xác cao hơn trong giám định huyết thống. Biểu đồ này đóng vai trò then chốt trong lập kế hoạch sử dụng tài nguyên dữ liệu.	pie chart, STR		figure_faq	pie3	internal-figure-faq	Bộ câu hỏi đáp hình minh họa giám định ADN	Chatbot - nội dung dự án	1.0	pie3	2026-08-12	2026-08-12	Dữ liệu dự án hiện hành	approved
26	Biểu đồ donut Loại dữ liệu mtDNA thể hiện thông tin gì?	Biểu đồ donut thể hiện phân loại số lượng hồ sơ mtDNA theo số hồ sơ ADN mà mỗi công dân có trong hệ thống. Nó cung cấp cái nhìn rõ ràng về mức độ sẵn có của dữ liệu mtDNA trên từng cá nhân. Trong giám định hài cốt liệt sĩ, biểu đồ này rất hữu ích để đánh giá khả năng sử dụng mtDNA cho đối sánh.	pie chart, donut, mtDNA, hồ sơ ADN		figure_faq	pie4	internal-figure-faq	Bộ câu hỏi đáp hình minh họa giám định ADN	Chatbot - nội dung dự án	1.0	pie4	2026-08-12	2026-08-12	Dữ liệu dự án hiện hành	approved
27	Ý nghĩa của donut chart mtDNA?	Biểu đồ donut mtDNA cho biết tỷ lệ công dân có một, hai hoặc nhiều hơn hai hồ sơ mtDNA, giúp đánh giá độ sâu của cơ sở dữ liệu mtDNA. Thông tin này hỗ trợ nhà phân tích hiểu rõ nguồn lực sẵn có cho các phân tích di truyền dòng mẹ. Đây là công cụ trực quan quan trọng trong quản lý dữ liệu giám định.	pie chart, mtDNA, hồ sơ ADN		figure_faq	pie4	internal-figure-faq	Bộ câu hỏi đáp hình minh họa giám định ADN	Chatbot - nội dung dự án	1.0	pie4	2026-08-12	2026-08-12	Dữ liệu dự án hiện hành	approved
28	Biểu đồ donut mtDNA phản ánh điều gì?	Biểu đồ donut mtDNA phản ánh mức độ sẵn có và đa dạng của dữ liệu mtDNA trong cơ sở dữ liệu, từ đó hỗ trợ đánh giá tổng thể chất lượng dữ liệu. Khi tỷ lệ công dân có nhiều hồ sơ mtDNA cao, khả năng xác định nguồn gốc di truyền sẽ được nâng cao. Biểu đồ này giúp hệ thống lập kế hoạch thu thập dữ liệu bổ sung một cách hiệu quả.	pie chart, mtDNA		figure_faq	pie4	internal-figure-faq	Bộ câu hỏi đáp hình minh họa giám định ADN	Chatbot - nội dung dự án	1.0	pie4	2026-08-12	2026-08-12	Dữ liệu dự án hiện hành	approved
29	So sánh donut mtDNA và STR có ý nghĩa gì?	Biểu đồ donut mtDNA cho phép so sánh quy mô dữ liệu mtDNA với STR, giúp hiểu rõ ưu thế của từng loại marker trong các tình huống giám định khác nhau. Sự so sánh này hỗ trợ tối ưu hóa chiến lược sử dụng dữ liệu trong hệ thống. Đây là thông tin then chốt cho cả phân tích và quản trị.	pie chart, mtDNA, STR		figure_faq	pie4	internal-figure-faq	Bộ câu hỏi đáp hình minh họa giám định ADN	Chatbot - nội dung dự án	1.0	pie4	2026-08-12	2026-08-12	Dữ liệu dự án hiện hành	approved
30	Khi nào mtDNA được ưu tiên sử dụng trong giám định hài cốt?	Biểu đồ donut mtDNA hỗ trợ quyết định khi nào nên ưu tiên sử dụng mtDNA dựa trên số lượng và phân bố hồ sơ hiện có. Trong giám định hài cốt liệt sĩ, mtDNA thường được ưu tiên khi mẫu chất lượng thấp hoặc cần phân tích dòng mẹ. Biểu đồ này cung cấp cơ sở dữ liệu trực quan để lập kế hoạch giám định hiệu quả.	pie chart, mtDNA		figure_faq	pie4	internal-figure-faq	Bộ câu hỏi đáp hình minh họa giám định ADN	Chatbot - nội dung dự án	1.0	pie4	2026-08-12	2026-08-12	Dữ liệu dự án hiện hành	approved
31	Biểu đồ cột thể hiện độ phủ giải trình tự trên các vùng siêu biến nào?	Biểu đồ cột thể hiện mức độ độ phủ giải trình tự (coverage) trên các vùng siêu biến HV1, HV2, HV3 của mtDNA. Nó giúp người dùng đánh giá xem dữ liệu giải trình tự đã đạt chất lượng cao và đầy đủ hay chưa trên từng vùng mục tiêu quan trọng. Trong hệ thống giám định hài cốt liệt sĩ, biểu đồ này là công cụ then chốt để kiểm tra tính tin cậy của dữ liệu trước khi tiến hành đối sánh, tránh sai sót do coverage thấp.	bar chart, độ phủ, coverage, HV1, HV2, HV3, bazơ, đọc dữ liệu, tin cậy		figure_faq	bar1	internal-figure-faq	Bộ câu hỏi đáp hình minh họa giám định ADN	Chatbot - nội dung dự án	1.0	bar1	2026-08-12	2026-08-12	Dữ liệu dự án hiện hành	approved
32	Vùng nào có độ phủ cao nhất và giá trị cụ thể là bao nhiêu?	Biểu đồ cột cho phép người dùng nhanh chóng nhận diện vùng siêu biến nào (HV1, HV2 hay HV3) có độ phủ giải trình tự tốt nhất. Việc so sánh chiều cao các cột giúp đánh giá chất lượng dữ liệu mtDNA trên từng vùng, từ đó xác định vùng nào cần chú ý bổ sung. Trong quy trình giám định ADN, thông tin này hỗ trợ quyết định xem mẫu hài cốt có đủ điều kiện để phân tích sâu hay cần chạy lại giải trình tự.	bar chart, độ phủ, coverage, HV1, HV2, HV3, bazơ, đọc dữ liệu, tin cậy		figure_faq	bar1	internal-figure-faq	Bộ câu hỏi đáp hình minh họa giám định ADN	Chatbot - nội dung dự án	1.0	bar1	2026-08-12	2026-08-12	Dữ liệu dự án hiện hành	approved
33	Độ phủ dưới ngưỡng tin cậy thì cần xử lý ra sao?	Biểu đồ cột cảnh báo rõ các vùng có độ phủ giải trình tự thấp, giúp người dùng xác định ngay những mẫu cần xử lý bổ sung hoặc kiểm tra lại quy trình NGS. Khi coverage dưới ngưỡng an toàn, hệ thống có nguy cơ đưa ra kết quả đối sánh không chính xác. Biểu đồ này hỗ trợ vận hành thực tế bằng cách ưu tiên các mẫu cần cải thiện chất lượng dữ liệu trước khi đưa vào đối sánh.	bar chart, độ phủ, coverage, HV1, HV2, HV3, bazơ, đọc dữ liệu, tin cậy		figure_faq	bar1	internal-figure-faq	Bộ câu hỏi đáp hình minh họa giám định ADN	Chatbot - nội dung dự án	1.0	bar1	2026-08-12	2026-08-12	Dữ liệu dự án hiện hành	approved
34	Độ phủ bao nhiêu phần trăm được coi là đủ tin cậy cho giám định ADN?	Biểu đồ cột cung cấp cái nhìn trực quan về ngưỡng độ phủ giải trình tự cần đạt được trên các vùng HV1, HV2, HV3 để đảm bảo kết quả giám định đáng tin cậy. Người dùng có thể so sánh các cột để đánh giá tổng thể chất lượng dữ liệu mtDNA của từng lô mẫu. Đây là công cụ quan trọng giúp quản lý hệ thống duy trì tiêu chuẩn chất lượng cao trong toàn bộ quy trình giám định hài cốt liệt sĩ.	bar chart, độ phủ, coverage, HV1, HV2, HV3, bazơ, đọc dữ liệu, tin cậy		figure_faq	bar1	internal-figure-faq	Bộ câu hỏi đáp hình minh họa giám định ADN	Chatbot - nội dung dự án	1.0	bar1	2026-08-12	2026-08-12	Dữ liệu dự án hiện hành	approved
35	Làm thế nào để cải thiện độ phủ khi mẫu có độ phủ thấp trên HV2?	Biểu đồ cột giúp xác định chính xác vùng nào (ví dụ HV2) đang có độ phủ thấp, từ đó hướng dẫn các biện pháp kỹ thuật cụ thể như tối ưu hóa thư viện, tăng số cycle sequencing hoặc điều chỉnh protocol NGS. Việc cải thiện coverage trên vùng yếu sẽ nâng cao độ tin cậy tổng thể của dữ liệu mtDNA. Biểu đồ này hỗ trợ đội ngũ kỹ thuật và quản lý dữ liệu đưa ra quyết định kịp thời trong quy trình giám định.	bar chart, độ phủ, coverage, HV1, HV2, HV3, bazơ, đọc dữ liệu, tin cậy		figure_faq	bar1	internal-figure-faq	Bộ câu hỏi đáp hình minh họa giám định ADN	Chatbot - nội dung dự án	1.0	bar1	2026-08-12	2026-08-12	Dữ liệu dự án hiện hành	approved
36	Biểu đồ cột thể hiện số lượng mẫu theo nhóm haplogroup nào tại Việt Nam?	Biểu đồ cột thể hiện phân bố số lượng mẫu theo các nhóm Haplogroup trong quần thể Việt Nam, giúp làm rõ cấu trúc di truyền và nguồn gốc tổ tiên của dữ liệu. Nó cung cấp cái nhìn trực quan về sự đa dạng di truyền, từ macro-haplogroup đến các nhánh con cụ thể. Trong hệ thống giám định hài cốt liệt sĩ, biểu đồ này hỗ trợ đánh giá tính đại diện của cơ sở dữ liệu tham chiếu.	bar chart, Haplogroup, số lượng mẫu, macro-haplogroup, M, B, Việt Nam, phân bố		figure_faq	bar2	internal-figure-faq	Bộ câu hỏi đáp hình minh họa giám định ADN	Chatbot - nội dung dự án	1.0	bar2	2026-08-12	2026-08-12	Dữ liệu dự án hiện hành	approved
37	Haplogroup nào có số lượng mẫu lớn nhất trong biểu đồ?	Biểu đồ cột cho phép người dùng nhanh chóng nhận diện nhóm Haplogroup chiếm ưu thế trong quần thể Việt Nam thông qua chiều cao cột lớn nhất. Thông tin này phản ánh đặc trưng di truyền phổ biến nhất, hỗ trợ so sánh với mẫu hài cốt. Biểu đồ giúp quản lý hệ thống hiểu rõ hơn về thành phần di truyền của cơ sở dữ liệu hiện tại.	bar chart, Haplogroup, số lượng mẫu, macro-haplogroup, M, B, Việt Nam, phân bố		figure_faq	bar2	internal-figure-faq	Bộ câu hỏi đáp hình minh họa giám định ADN	Chatbot - nội dung dự án	1.0	bar2	2026-08-12	2026-08-12	Dữ liệu dự án hiện hành	approved
38	Haplogroup hiếm gặp nào cần được chú ý trong phân tích di truyền?	Biểu đồ cột làm nổi bật các Haplogroup hiếm gặp qua các cột thấp, giúp người dùng chú ý đến những nhánh ít phổ biến nhưng có giá trị cao trong phân tích nguồn gốc. Việc phát hiện sớm các Haplogroup hiếm hỗ trợ bổ sung dữ liệu tham chiếu kịp thời. Trong giám định hài cốt, điều này nâng cao khả năng xác định chính xác nguồn gốc di truyền của mẫu.	bar chart, Haplogroup, số lượng mẫu, macro-haplogroup, M, B, Việt Nam, phân bố		figure_faq	bar2	internal-figure-faq	Bộ câu hỏi đáp hình minh họa giám định ADN	Chatbot - nội dung dự án	1.0	bar2	2026-08-12	2026-08-12	Dữ liệu dự án hiện hành	approved
39	Macro-haplogroup M chứa các nhánh con nào và chiếm tỷ lệ bao nhiêu phần trăm?	Biểu đồ cột cung cấp cái nhìn chi tiết về macro-haplogroup M và các nhánh con của nó trong quần thể Việt Nam, giúp hiểu rõ hơn về nguồn gốc di truyền Đông Á. Người dùng có thể so sánh tỷ trọng giữa các macro-haplogroup để đánh giá tính đại diện của dữ liệu. Đây là thông tin quan trọng cho cả nghiên cứu và giám định thực tiễn.	bar chart, Haplogroup, số lượng mẫu, macro-haplogroup, M, B, Việt Nam, phân bố		figure_faq	bar2	internal-figure-faq	Bộ câu hỏi đáp hình minh họa giám định ADN	Chatbot - nội dung dự án	1.0	bar2	2026-08-12	2026-08-12	Dữ liệu dự án hiện hành	approved
40	Phân bố địa lý của Haplogroup B và Haplogroup M tại Việt Nam khác nhau như thế nào?	Biểu đồ cột hỗ trợ so sánh phân bố địa lý giữa Haplogroup B và Haplogroup M trong quần thể Việt Nam, từ đó làm rõ sự khác biệt khu vực hoặc dân tộc. Thông tin này giúp hệ thống đánh giá tính đa dạng địa lý của dữ liệu tham chiếu. Trong giám định hài cốt liệt sĩ, biểu đồ đóng vai trò quan trọng khi cần xác định nguồn gốc khu vực của mẫu.	bar chart, Haplogroup, số lượng mẫu, macro-haplogroup, M, B, Việt Nam, phân bố		figure_faq	bar2	internal-figure-faq	Bộ câu hỏi đáp hình minh họa giám định ADN	Chatbot - nội dung dự án	1.0	bar2	2026-08-12	2026-08-12	Dữ liệu dự án hiện hành	approved
41	Biểu đồ cột thể hiện tỷ lệ FST giữa các cặp quần thể nào tại Việt Nam?	Biểu đồ cột thể hiện chỉ số FST (Fixation Index) giữa các cặp quần thể theo vùng miền tại Việt Nam, giúp đo lường mức độ khác biệt di truyền. Nó cung cấp cái nhìn trực quan về mối quan hệ di truyền giữa các nhóm dân tộc và vùng miền. Trong hệ thống giám định, biểu đồ này hỗ trợ đánh giá độ tin cậy khi sử dụng quần thể tham chiếu.	bar chart, FST, fixation index, quần thể, vùng miền, khác biệt di truyền, Việt Nam		figure_faq	bar3	internal-figure-faq	Bộ câu hỏi đáp hình minh họa giám định ADN	Chatbot - nội dung dự án	1.0	bar3	2026-08-12	2026-08-12	Dữ liệu dự án hiện hành	approved
42	Cặp quần thể nào có FST cao nhất và giá trị cụ thể là bao nhiêu?	Biểu đồ cột làm nổi bật cặp quần thể có mức độ khác biệt di truyền cao nhất thông qua chiều cao cột FST lớn nhất. Người dùng có thể nhanh chóng nhận diện những nhóm cần chú ý khi so sánh mẫu hài cốt. Thông tin này giúp tối ưu hóa lựa chọn quần thể tham chiếu trong quy trình giám định.	bar chart, FST, fixation index, quần thể, vùng miền, khác biệt di truyền, Việt Nam		figure_faq	bar3	internal-figure-faq	Bộ câu hỏi đáp hình minh họa giám định ADN	Chatbot - nội dung dự án	1.0	bar3	2026-08-12	2026-08-12	Dữ liệu dự án hiện hành	approved
43	FST cao hay thấp phản ánh mối quan hệ di truyền như thế nào giữa các quần thể?	Biểu đồ cột giải thích rõ FST cao nghĩa là khác biệt di truyền lớn, còn FST thấp cho thấy sự gần gũi di truyền giữa các quần thể. Người dùng có thể sử dụng thông tin này để hiểu cấu trúc di truyền tổng thể của Việt Nam. Đây là công cụ quan trọng để đánh giá tính phù hợp của cơ sở dữ liệu tham chiếu.	bar chart, FST, fixation index, quần thể, vùng miền, khác biệt di truyền, Việt Nam		figure_faq	bar3	internal-figure-faq	Bộ câu hỏi đáp hình minh họa giám định ADN	Chatbot - nội dung dự án	1.0	bar3	2026-08-12	2026-08-12	Dữ liệu dự án hiện hành	approved
44	Chỉ số FST bao nhiêu cho thấy hai quần thể có nguồn gốc chung gần?	Biểu đồ cột giúp người dùng nhận diện ngưỡng FST thấp tương ứng với mối quan hệ di truyền gần giữa các quần thể. Thông tin này hỗ trợ quyết định xem mẫu hài cốt có thể sử dụng quần thể nào làm tham chiếu. Biểu đồ đóng vai trò then chốt trong việc nâng cao độ chính xác của phân tích di truyền.	bar chart, FST, fixation index, quần thể, vùng miền, khác biệt di truyền, Việt Nam		figure_faq	bar3	internal-figure-faq	Bộ câu hỏi đáp hình minh họa giám định ADN	Chatbot - nội dung dự án	1.0	bar3	2026-08-12	2026-08-12	Dữ liệu dự án hiện hành	approved
45	Khi FST giữa hai nhóm dân tộc cao, điều đó ảnh hưởng gì đến việc so sánh huyết thống?	Biểu đồ cột cảnh báo khi FST cao giữa hai nhóm dân tộc, nghĩa là sự khác biệt di truyền lớn và cần thận trọng khi so sánh huyết thống. Người dùng có thể điều chỉnh chiến lược đối sánh hoặc bổ sung dữ liệu tham chiếu. Trong giám định hài cốt liệt sĩ, thông tin này giúp tránh sai lệch và tăng độ tin cậy kết quả.	bar chart, FST, fixation index, quần thể, vùng miền, khác biệt di truyền, Việt Nam		figure_faq	bar3	internal-figure-faq	Bộ câu hỏi đáp hình minh họa giám định ADN	Chatbot - nội dung dự án	1.0	bar3	2026-08-12	2026-08-12	Dữ liệu dự án hiện hành	approved
46	Biểu đồ cột thể hiện tỷ lệ trùng khớp ADN giữa hài cốt và mẫu thân nhân nào?	Biểu đồ cột thể hiện tỷ lệ trùng khớp ADN giữa dữ liệu HV1, HV2, HV3 của hài cốt với các mẫu thân nhân trong hệ thống xác nhận danh tính. Nó giúp người dùng đánh giá mức độ khớp nối giữa hài cốt và thân nhân một cách trực quan. Trong quy trình giám định, biểu đồ này là công cụ quan trọng để ưu tiên các cặp có tỷ lệ trùng khớp cao.	bar chart, trùng khớp, match, HV1, HV2, HV3, hài cốt, thân nhân, xác nhận		figure_faq	bar4	internal-figure-faq	Bộ câu hỏi đáp hình minh họa giám định ADN	Chatbot - nội dung dự án	1.0	bar4	2026-08-12	2026-08-12	Dữ liệu dự án hiện hành	approved
47	Cặp nào có tỷ lệ trùng khớp cao nhất và giá trị cụ thể là bao nhiêu?	Biểu đồ cột làm nổi bật cặp hài cốt – thân nhân có tỷ lệ trùng khớp ADN cao nhất, giúp người dùng nhanh chóng xác định các trường hợp có khả năng thành công cao. Thông tin này hỗ trợ ưu tiên xử lý và xác nhận danh tính. Biểu đồ đóng góp trực tiếp vào hiệu quả vận hành hệ thống giám định.	bar chart, trùng khớp, match, HV1, HV2, HV3, hài cốt, thân nhân, xác nhận		figure_faq	bar4	internal-figure-faq	Bộ câu hỏi đáp hình minh họa giám định ADN	Chatbot - nội dung dự án	1.0	bar4	2026-08-12	2026-08-12	Dữ liệu dự án hiện hành	approved
48	Tỷ lệ trùng khớp thấp cần xác minh bổ sung như thế nào?	Biểu đồ cột cảnh báo rõ các cặp có tỷ lệ trùng khớp thấp, hướng dẫn người dùng thực hiện các bước xác minh bổ sung như thu thập thêm mẫu hoặc kiểm tra lại dữ liệu. Việc xử lý kịp thời các trường hợp thấp giúp nâng cao tỷ lệ thành công tổng thể. Đây là công cụ thực tiễn quan trọng trong quy trình giám định hài cốt liệt sĩ.	bar chart, trùng khớp, match, HV1, HV2, HV3, hài cốt, thân nhân, xác nhận		figure_faq	bar4	internal-figure-faq	Bộ câu hỏi đáp hình minh họa giám định ADN	Chatbot - nội dung dự án	1.0	bar4	2026-08-12	2026-08-12	Dữ liệu dự án hiện hành	approved
49	Điểm trùng khớp ADN trên HV1, HV2, HV3 cần đạt bao nhiêu để xác nhận quan hệ huyết thống?	Biểu đồ cột cung cấp cái nhìn trực quan về ngưỡng trùng khớp ADN trên HV1, HV2, HV3 cần đạt để xác nhận quan hệ huyết thống. Người dùng có thể so sánh các cột để đánh giá mức độ tin cậy của từng cặp. Biểu đồ hỗ trợ đưa ra quyết định khoa học và khách quan trong hệ thống.	bar chart, trùng khớp, match, HV1, HV2, HV3, hài cốt, thân nhân, xác nhận		figure_faq	bar4	internal-figure-faq	Bộ câu hỏi đáp hình minh họa giám định ADN	Chatbot - nội dung dự án	1.0	bar4	2026-08-12	2026-08-12	Dữ liệu dự án hiện hành	approved
50	Làm thế nào để xác định mẫu thân nhân phù hợp nhất cho đối sánh với hài cốt?	Biểu đồ cột giúp người dùng chọn mẫu thân nhân phù hợp nhất bằng cách so sánh tỷ lệ trùng khớp ADN trên HV1, HV2, HV3. Thông tin này hỗ trợ tối ưu hóa quy trình đối sánh và giảm thời gian xử lý. Trong giám định hài cốt liệt sĩ, biểu đồ này là công cụ then chốt để nâng cao hiệu quả xác nhận danh tính.	bar chart, trùng khớp, match, HV1, HV2, HV3, hài cốt, thân nhân, xác nhận		figure_faq	bar4	internal-figure-faq	Bộ câu hỏi đáp hình minh họa giám định ADN	Chatbot - nội dung dự án	1.0	bar4	2026-08-12	2026-08-12	Dữ liệu dự án hiện hành	approved
51	Biểu đồ cột thể hiện số lượng mẫu phân bố theo độ sâu giải trình tự (depth) nào?	Biểu đồ cột thể hiện phân bố số lượng mẫu theo độ sâu giải trình tự (depth) trong NGS, giúp đánh giá mức độ tin cậy của dữ liệu khi đọc bazơ. Nó cho thấy rõ các khoảng depth phổ biến và khoảng depth thấp cần chú ý. Trong hệ thống giám định, biểu đồ này hỗ trợ kiểm soát chất lượng dữ liệu mtDNA trước khi đối sánh.	bar chart, depth, coverage, NGS, bazơ, read, heteroplasmy, độ tin cậy, mẫu		figure_faq	bar5	internal-figure-faq	Bộ câu hỏi đáp hình minh họa giám định ADN	Chatbot - nội dung dự án	1.0	bar5	2026-08-12	2026-08-12	Dữ liệu dự án hiện hành	approved
52	Ngưỡng depth tối thiểu để đạt độ tin cậy trong phân tích heteroplasmy là bao nhiêu?	Biểu đồ cột giúp người dùng nhận diện ngưỡng depth tối thiểu cần đạt để phân tích heteroplasmy một cách đáng tin cậy. Các cột ở khoảng depth thấp sẽ cảnh báo mẫu cần xử lý bổ sung. Đây là công cụ quan trọng để đảm bảo chất lượng dữ liệu trong toàn bộ quy trình giám định.	bar chart, depth, coverage, NGS, bazơ, read, heteroplasmy, độ tin cậy, mẫu		figure_faq	bar5	internal-figure-faq	Bộ câu hỏi đáp hình minh họa giám định ADN	Chatbot - nội dung dự án	1.0	bar5	2026-08-12	2026-08-12	Dữ liệu dự án hiện hành	approved
53	Mẫu có depth thấp cần xử lý bổ sung như thế nào?	Biểu đồ cột làm nổi bật các mẫu có depth thấp, hướng dẫn người dùng thực hiện các bước xử lý bổ sung như tăng số read hoặc kiểm tra lại thư viện. Việc cải thiện depth giúp nâng cao độ tin cậy tổng thể của dữ liệu. Biểu đồ này hỗ trợ vận hành thực tế và duy trì tiêu chuẩn chất lượng NGS.	bar chart, depth, coverage, NGS, bazơ, read, heteroplasmy, độ tin cậy, mẫu		figure_faq	bar5	internal-figure-faq	Bộ câu hỏi đáp hình minh họa giám định ADN	Chatbot - nội dung dự án	1.0	bar5	2026-08-12	2026-08-12	Dữ liệu dự án hiện hành	approved
54	Độ sâu giải trình tự (depth) trong NGS là gì và tại sao nó quan trọng?	Biểu đồ cột giải thích rõ khái niệm depth và tầm quan trọng của nó trong NGS, giúp người dùng hiểu tại sao depth cao lại cần thiết cho phân tích heteroplasmy và variant calling. Thông tin này hỗ trợ đội ngũ kỹ thuật duy trì chất lượng dữ liệu ổn định. Trong giám định hài cốt liệt sĩ, depth là yếu tố quyết định độ tin cậy của kết quả.	bar chart, depth, coverage, NGS, bazơ, read, heteroplasmy, độ tin cậy, mẫu		figure_faq	bar5	internal-figure-faq	Bộ câu hỏi đáp hình minh họa giám định ADN	Chatbot - nội dung dự án	1.0	bar5	2026-08-12	2026-08-12	Dữ liệu dự án hiện hành	approved
55	Làm thế nào để cải thiện depth khi mẫu hài cốt có chất lượng kém?	Biểu đồ cột hướng dẫn cách cải thiện depth cho mẫu hài cốt chất lượng kém bằng cách xác định rõ khoảng depth thấp và áp dụng các biện pháp kỹ thuật phù hợp. Người dùng có thể theo dõi tiến độ cải thiện qua biểu đồ. Đây là công cụ thực tiễn giúp nâng cao chất lượng dữ liệu trong toàn hệ thống giám định.	bar chart, depth, coverage, NGS, bazơ, read, heteroplasmy, độ tin cậy, mẫu		figure_faq	bar5	internal-figure-faq	Bộ câu hỏi đáp hình minh họa giám định ADN	Chatbot - nội dung dự án	1.0	bar5	2026-08-12	2026-08-12	Dữ liệu dự án hiện hành	approved
56	Biểu đồ Admixture thể hiện cấu trúc di truyền nguồn gốc tổ tiên với bao nhiêu thành phần (K)?	Biểu đồ Admixture thể hiện cấu trúc di truyền nguồn gốc tổ tiên bằng cách phân tích tỷ lệ ancestry components với số thành phần K khác nhau. Nó giúp người dùng quan sát sự pha trộn di truyền của từng cá thể hoặc quần thể. Trong hệ thống giám định, biểu đồ này hỗ trợ xác định nguồn gốc tổ tiên của mẫu hài cốt một cách khoa học.	Admixture, Structure, cấu trúc di truyền, nguồn gốc, tổ tiên, Châu Á, Châu Âu, phần trăm, K		figure_faq	admixture1	internal-figure-faq	Bộ câu hỏi đáp hình minh họa giám định ADN	Chatbot - nội dung dự án	1.0	admixture1	2026-08-12	2026-08-12	Dữ liệu dự án hiện hành	approved
57	Cá thể nào trong biểu đồ có tỷ lệ gen Châu Á cao nhất và giá trị cụ thể?	Biểu đồ Admixture cho phép người dùng xác định cá thể hoặc nhóm có tỷ lệ ancestry Châu Á cao nhất thông qua màu sắc và chiều dài thanh. Thông tin này phản ánh đặc trưng di truyền phổ biến trong quần thể Việt Nam. Biểu đồ hỗ trợ đánh giá tính đại diện của cơ sở dữ liệu tham chiếu.	Admixture, Structure, cấu trúc di truyền, nguồn gốc, tổ tiên, Châu Á, Châu Âu, phần trăm, K		figure_faq	admixture1	internal-figure-faq	Bộ câu hỏi đáp hình minh họa giám định ADN	Chatbot - nội dung dự án	1.0	admixture1	2026-08-12	2026-08-12	Dữ liệu dự án hiện hành	approved
58	Khi K tăng, biểu đồ Admixture cho thấy sự phân chia di truyền thay đổi như thế nào?	Biểu đồ Admixture minh họa rõ sự thay đổi của cấu trúc di truyền khi tăng số thành phần K, giúp người dùng hiểu sâu hơn về độ phức tạp của quần thể. Mỗi mức K cung cấp một góc nhìn khác nhau về nguồn gốc tổ tiên. Đây là công cụ quan trọng để chọn K phù hợp nhất trong phân tích thực tế.	Admixture, Structure, cấu trúc di truyền, nguồn gốc, tổ tiên, Châu Á, Châu Âu, phần trăm, K		figure_faq	admixture1	internal-figure-faq	Bộ câu hỏi đáp hình minh họa giám định ADN	Chatbot - nội dung dự án	1.0	admixture1	2026-08-12	2026-08-12	Dữ liệu dự án hiện hành	approved
59	Admixture cho biết một người mang bao nhiêu phần trăm gen của người Châu Á, Châu Âu?	Biểu đồ Admixture cung cấp tỷ lệ phần trăm gen Châu Á, Châu Âu và các thành phần khác trên từng cá thể, giúp hiểu rõ nguồn gốc tổ tiên hỗn hợp. Thông tin này hỗ trợ so sánh mẫu hài cốt với quần thể tham chiếu. Biểu đồ đóng vai trò quan trọng trong phân tích di truyền nguồn gốc.	Admixture, Structure, cấu trúc di truyền, nguồn gốc, tổ tiên, Châu Á, Châu Âu, phần trăm, K		figure_faq	admixture1	internal-figure-faq	Bộ câu hỏi đáp hình minh họa giám định ADN	Chatbot - nội dung dự án	1.0	admixture1	2026-08-12	2026-08-12	Dữ liệu dự án hiện hành	approved
60	Khi nào nên chọn K=3 hoặc K=4 trong phân tích Admixture để kết quả có ý nghĩa?	Biểu đồ Admixture hướng dẫn người dùng chọn mức K phù hợp (ví dụ K=3 hoặc K=4) để kết quả phân tích cấu trúc di truyền có ý nghĩa khoa học cao nhất. Việc chọn K đúng giúp tránh over-fitting hoặc under-fitting. Trong giám định hài cốt liệt sĩ, lựa chọn này ảnh hưởng trực tiếp đến độ chính xác của kết quả nguồn gốc tổ tiên.	Admixture, Structure, cấu trúc di truyền, nguồn gốc, tổ tiên, Châu Á, Châu Âu, phần trăm, K		figure_faq	admixture1	internal-figure-faq	Bộ câu hỏi đáp hình minh họa giám định ADN	Chatbot - nội dung dự án	1.0	admixture1	2026-08-12	2026-08-12	Dữ liệu dự án hiện hành	approved
61	Biểu đồ đám mây từ khóa thể hiện những thuật ngữ phổ biến nào trong giám định ADN?	Biểu đồ đám mây từ khóa (wordcloud) thể hiện các thuật ngữ phổ biến nhất xuất hiện trong kết quả dự đoán dân tộc và châu lục của hệ thống. Kích thước chữ càng lớn thì thuật ngữ càng được dự đoán nhiều, giúp người dùng nhanh chóng nắm bắt xu hướng dự đoán ancestry. Trong hệ thống giám định hài cốt liệt sĩ, biểu đồ này hỗ trợ đánh giá chất lượng mô hình dự đoán nguồn gốc di truyền và xác định các từ khóa cốt lõi cần chú ý.	wordcloud, đám mây từ, thuật ngữ, giám định ADN, STR, mtADN, Haplogroup, từ khóa		figure_faq	cloud1	internal-figure-faq	Bộ câu hỏi đáp hình minh họa giám định ADN	Chatbot - nội dung dự án	1.0	cloud1	2026-08-12	2026-08-12	Dữ liệu dự án hiện hành	approved
62	Thuật ngữ nào có kích thước lớn nhất trong đám mây từ và mang ý nghĩa gì?	Biểu đồ đám mây từ khóa làm nổi bật những thuật ngữ có kích thước lớn nhất, giúp người dùng nhận diện ngay các dân tộc hoặc châu lục được dự đoán phổ biến nhất trong hệ thống. Thông tin này phản ánh xu hướng ancestry của dữ liệu hiện tại. Trong giám định ADN, biểu đồ hỗ trợ đánh giá tính đại diện của mô hình dự đoán và điều chỉnh thuật toán khi cần.	wordcloud, đám mây từ, thuật ngữ, giám định ADN, STR, mtADN, Haplogroup, từ khóa		figure_faq	cloud1	internal-figure-faq	Bộ câu hỏi đáp hình minh họa giám định ADN	Chatbot - nội dung dự án	1.0	cloud1	2026-08-12	2026-08-12	Dữ liệu dự án hiện hành	approved
63	Đám mây từ khóa giúp người dùng hiểu những khái niệm cốt lõi nào của hệ thống?	Biểu đồ đám mây từ khóa cung cấp cái nhìn tổng quan về các khái niệm cốt lõi thường xuất hiện trong kết quả dự đoán dân tộc và châu lục. Người dùng có thể nhanh chóng nắm bắt trọng tâm của hệ thống mà không cần đọc báo cáo dài. Đây là công cụ trực quan hữu ích cho cả nhà phân tích và quản lý dữ liệu trong quy trình giám định hài cốt liệt sĩ.	wordcloud, đám mây từ, thuật ngữ, giám định ADN, STR, mtADN, Haplogroup, từ khóa		figure_faq	cloud1	internal-figure-faq	Bộ câu hỏi đáp hình minh họa giám định ADN	Chatbot - nội dung dự án	1.0	cloud1	2026-08-12	2026-08-12	Dữ liệu dự án hiện hành	approved
64	Từ khóa nào liên quan đến giám định huyết thống xuất hiện nhiều nhất trong đám mây?	Biểu đồ đám mây từ khóa làm nổi bật các từ khóa liên quan đến giám định huyết thống và ancestry, giúp người dùng hiểu rõ trọng tâm ứng dụng thực tế của hệ thống. Việc quan sát tần suất xuất hiện hỗ trợ đánh giá hiệu suất mô hình dự đoán. Trong hệ thống giám định ADN, biểu đồ này hỗ trợ tối ưu hóa quy trình và đào tạo người dùng mới.	wordcloud, đám mây từ, thuật ngữ, giám định ADN, STR, mtADN, Haplogroup, từ khóa		figure_faq	cloud1	internal-figure-faq	Bộ câu hỏi đáp hình minh họa giám định ADN	Chatbot - nội dung dự án	1.0	cloud1	2026-08-12	2026-08-12	Dữ liệu dự án hiện hành	approved
65	Làm thế nào để tìm kiếm thông tin về một thuật ngữ cụ thể trong hệ thống dựa trên đám mây từ khóa?	Biểu đồ đám mây từ khóa cho phép người dùng click hoặc tìm kiếm trực tiếp các thuật ngữ nổi bật để truy cập thông tin chi tiết trong hệ thống. Cách này giúp rút ngắn thời gian tra cứu và hiểu sâu hơn về khái niệm. Đây là công cụ hỗ trợ đào tạo và vận hành hệ thống giám định hài cốt liệt sĩ một cách hiệu quả.	wordcloud, đám mây từ, thuật ngữ, giám định ADN, STR, mtADN, Haplogroup, từ khóa		figure_faq	cloud1	internal-figure-faq	Bộ câu hỏi đáp hình minh họa giám định ADN	Chatbot - nội dung dự án	1.0	cloud1	2026-08-12	2026-08-12	Dữ liệu dự án hiện hành	approved
66	Biểu đồ luống (Ridge Plot) thể hiện phân phối dữ liệu bazơ của đơn vị xét nghiệm nào?	Biểu đồ luống (Ridge Plot) hiển thị phân phối tổng số bazơ giải trình tự theo từng trung tâm xét nghiệm dưới dạng các đỉnh núi xếp chồng. Nó giúp người dùng so sánh mật độ và phạm vi dữ liệu giữa các đơn vị một cách trực quan. Trong hệ thống giám định, biểu đồ này hỗ trợ đánh giá chất lượng và năng suất của từng trung tâm.	ridge plot, biểu đồ luống, phân phối, bazơ, so sánh, mật độ, đơn vị xét nghiệm		figure_faq	ridge1	internal-figure-faq	Bộ câu hỏi đáp hình minh họa giám định ADN	Chatbot - nội dung dự án	1.0	ridge1	2026-08-12	2026-08-12	Dữ liệu dự án hiện hành	approved
67	Đơn vị nào có đỉnh phân phối cao nhất và vị trí bazơ cụ thể là bao nhiêu?	Biểu đồ luống làm nổi bật đơn vị xét nghiệm có đỉnh phân phối bazơ cao nhất, giúp người dùng nhận diện trung tâm có khối lượng dữ liệu lớn nhất. Việc so sánh các đỉnh hỗ trợ đánh giá hiệu quả hoạt động của từng đơn vị. Trong quy trình giám định hài cốt liệt sĩ, biểu đồ này hỗ trợ quản lý tài nguyên và lập kế hoạch thu thập dữ liệu.	ridge plot, biểu đồ luống, phân phối, bazơ, so sánh, mật độ, đơn vị xét nghiệm		figure_faq	ridge1	internal-figure-faq	Bộ câu hỏi đáp hình minh họa giám định ADN	Chatbot - nội dung dự án	1.0	ridge1	2026-08-12	2026-08-12	Dữ liệu dự án hiện hành	approved
68	So sánh phân phối bazơ giữa các đơn vị xét nghiệm cho thấy điều gì về chất lượng dữ liệu?	Biểu đồ luống cho phép so sánh phân phối bazơ giữa các đơn vị xét nghiệm, giúp phát hiện sự khác biệt về chất lượng và khối lượng dữ liệu. Đỉnh cao và hẹp thường cho thấy dữ liệu đồng đều và chất lượng tốt. Đây là công cụ quan trọng để quản lý hệ thống duy trì tiêu chuẩn chất lượng NGS.	ridge plot, biểu đồ luống, phân phối, bazơ, so sánh, mật độ, đơn vị xét nghiệm		figure_faq	ridge1	internal-figure-faq	Bộ câu hỏi đáp hình minh họa giám định ADN	Chatbot - nội dung dự án	1.0	ridge1	2026-08-12	2026-08-12	Dữ liệu dự án hiện hành	approved
69	Ridge Plot giúp so sánh mật độ dữ liệu giữa các đơn vị xét nghiệm như thế nào?	Biểu đồ luống sử dụng hình dạng các đỉnh núi để so sánh mật độ dữ liệu bazơ giữa các đơn vị xét nghiệm một cách trực quan và dễ hiểu. Người dùng có thể nhanh chóng nhận biết đơn vị nào có phân phối rộng hay hẹp. Trong hệ thống giám định, biểu đồ này hỗ trợ đánh giá và cải thiện quy trình xét nghiệm.	ridge plot, biểu đồ luống, phân phối, bazơ, so sánh, mật độ, đơn vị xét nghiệm		figure_faq	ridge1	internal-figure-faq	Bộ câu hỏi đáp hình minh họa giám định ADN	Chatbot - nội dung dự án	1.0	ridge1	2026-08-12	2026-08-12	Dữ liệu dự án hiện hành	approved
70	Làm thế nào để phát hiện mẫu có phân phối bazơ bất thường qua Ridge Plot?	Biểu đồ luống giúp phát hiện nhanh các mẫu có phân phối bazơ bất thường (đỉnh lệch hoặc quá thấp) so với các đơn vị khác. Người dùng có thể sử dụng thông tin này để kiểm tra và xử lý mẫu nghi vấn kịp thời. Đây là công cụ thực tiễn quan trọng để đảm bảo chất lượng dữ liệu trong toàn hệ thống.	ridge plot, biểu đồ luống, phân phối, bazơ, so sánh, mật độ, đơn vị xét nghiệm		figure_faq	ridge1	internal-figure-faq	Bộ câu hỏi đáp hình minh họa giám định ADN	Chatbot - nội dung dự án	1.0	ridge1	2026-08-12	2026-08-12	Dữ liệu dự án hiện hành	approved
71	Biểu đồ luống (Ridge Plot) thể hiện phân phối khoảng cách di truyền giữa các cặp mẫu nào?	Biểu đồ luống (Ridge Plot) thể hiện phân phối khoảng cách di truyền giữa các cặp mẫu ADN, giúp đánh giá mức độ quan hệ huyết thống một cách trực quan. Nó hiển thị tần suất xuất hiện của các khoảng cách khác nhau dưới dạng các đỉnh núi. Trong hệ thống giám định hài cốt liệt sĩ, biểu đồ này hỗ trợ phân loại mức độ gần gũi di truyền giữa hài cốt và thân nhân.	ridge plot, khoảng cách di truyền, genetic distance, bazơ, HV1, STR, locus, phân phối, mẫu		figure_faq	ridge2	internal-figure-faq	Bộ câu hỏi đáp hình minh họa giám định ADN	Chatbot - nội dung dự án	1.0	ridge2	2026-08-12	2026-08-12	Dữ liệu dự án hiện hành	approved
72	Khoảng cách di truyền nào có tần suất xuất hiện cao nhất trong biểu đồ?	Biểu đồ luống làm nổi bật khoảng cách di truyền có tần suất xuất hiện cao nhất, giúp người dùng nhận diện mức độ quan hệ phổ biến nhất trong dữ liệu. Thông tin này hỗ trợ thiết lập ngưỡng đối sánh phù hợp. Biểu đồ đóng vai trò quan trọng trong việc tối ưu hóa thuật toán xác nhận danh tính.	ridge plot, khoảng cách di truyền, genetic distance, bazơ, HV1, STR, locus, phân phối, mẫu		figure_faq	ridge2	internal-figure-faq	Bộ câu hỏi đáp hình minh họa giám định ADN	Chatbot - nội dung dự án	1.0	ridge2	2026-08-12	2026-08-12	Dữ liệu dự án hiện hành	approved
73	Khoảng cách di truyền lớn phản ánh mối quan hệ huyết thống như thế nào giữa các mẫu?	Biểu đồ luống giải thích rõ khoảng cách di truyền lớn thường phản ánh mối quan hệ huyết thống xa hoặc không có quan hệ. Người dùng có thể sử dụng thông tin này để loại trừ các cặp không phù hợp. Đây là công cụ trực quan giúp nâng cao độ chính xác của quy trình giám định.	ridge plot, khoảng cách di truyền, genetic distance, bazơ, HV1, STR, locus, phân phối, mẫu		figure_faq	ridge2	internal-figure-faq	Bộ câu hỏi đáp hình minh họa giám định ADN	Chatbot - nội dung dự án	1.0	ridge2	2026-08-12	2026-08-12	Dữ liệu dự án hiện hành	approved
74	Khoảng cách di truyền được tính bằng số bazơ khác nhau giữa hai trình tự ADN như thế nào?	Biểu đồ luống minh họa cách tính khoảng cách di truyền dựa trên số bazơ khác nhau giữa hai trình tự ADN trên các vùng HV1, HV2, HV3 hoặc STR. Người dùng có thể hiểu rõ cơ sở toán học đằng sau biểu đồ. Thông tin này hỗ trợ đào tạo và vận hành hệ thống giám định một cách khoa học.	ridge plot, khoảng cách di truyền, genetic distance, bazơ, HV1, STR, locus, phân phối, mẫu		figure_faq	ridge2	internal-figure-faq	Bộ câu hỏi đáp hình minh họa giám định ADN	Chatbot - nội dung dự án	1.0	ridge2	2026-08-12	2026-08-12	Dữ liệu dự án hiện hành	approved
75	Khi nào hai mẫu có khoảng cách di truyền gần được coi là có quan hệ huyết thống?	Biểu đồ luống giúp xác định ngưỡng khoảng cách di truyền gần tương ứng với quan hệ huyết thống gần. Người dùng có thể sử dụng thông tin này để đưa ra quyết định đối sánh chính xác hơn. Biểu đồ đóng vai trò then chốt trong việc nâng cao tỷ lệ thành công của hệ thống giám định.	ridge plot, khoảng cách di truyền, genetic distance, bazơ, HV1, STR, locus, phân phối, mẫu		figure_faq	ridge2	internal-figure-faq	Bộ câu hỏi đáp hình minh họa giám định ADN	Chatbot - nội dung dự án	1.0	ridge2	2026-08-12	2026-08-12	Dữ liệu dự án hiện hành	approved
76	Biểu đồ tán xạ (Scatter Plot) thể hiện kết quả phân tích thành phần chính (PCA) của các cá thể nào?	Biểu đồ tán xạ (Scatter Plot) thể hiện kết quả PCA của các cá thể, gom nhóm những cá thể có đặc điểm gen giống nhau trên không gian 2D. Nó giúp người dùng quan sát rõ các cụm (cluster) di truyền. Trong hệ thống giám định, biểu đồ này hỗ trợ xác định nguồn gốc di truyền của mẫu hài cốt.	scatter plot, PCA, thành phần chính, 2D, 3D, cluster, gom nhóm, cá thể, phân tích		figure_faq	scatter1	internal-figure-faq	Bộ câu hỏi đáp hình minh họa giám định ADN	Chatbot - nội dung dự án	1.0	scatter1	2026-08-12	2026-08-12	Dữ liệu dự án hiện hành	approved
77	Các cụm (cluster) trên biểu đồ PCA phản ánh điều gì về quan hệ di truyền giữa các cá thể?	Biểu đồ tán xạ PCA cho thấy các cụm (cluster) phản ánh mức độ gần gũi di truyền giữa các cá thể, với những điểm gần nhau thường có nguồn gốc tổ tiên tương đồng. Người dùng có thể dễ dàng nhận diện cụm Việt Nam và các nhóm khác. Đây là công cụ quan trọng để đánh giá cấu trúc di truyền trong cơ sở dữ liệu.	scatter plot, PCA, thành phần chính, 2D, 3D, cluster, gom nhóm, cá thể, phân tích		figure_faq	scatter1	internal-figure-faq	Bộ câu hỏi đáp hình minh họa giám định ADN	Chatbot - nội dung dự án	1.0	scatter1	2026-08-12	2026-08-12	Dữ liệu dự án hiện hành	approved
78	Cá thể nào trong biểu đồ nằm xa các cụm chính và có ý nghĩa phân tích gì?	Biểu đồ tán xạ PCA làm nổi bật các cá thể nằm xa các cụm chính, giúp người dùng phát hiện outlier hoặc mẫu có nguồn gốc di truyền đặc biệt. Thông tin này hỗ trợ kiểm tra và xử lý mẫu nghi vấn. Trong giám định hài cốt liệt sĩ, biểu đồ này nâng cao độ chính xác của phân tích.	scatter plot, PCA, thành phần chính, 2D, 3D, cluster, gom nhóm, cá thể, phân tích		figure_faq	scatter1	internal-figure-faq	Bộ câu hỏi đáp hình minh họa giám định ADN	Chatbot - nội dung dự án	1.0	scatter1	2026-08-12	2026-08-12	Dữ liệu dự án hiện hành	approved
79	PCA (Principal Component Analysis) biểu diễn dữ liệu phức tạp lên không gian 2D/3D như thế nào?	Biểu đồ tán xạ PCA minh họa cách giảm chiều dữ liệu phức tạp xuống không gian 2D/3D để dễ quan sát mối quan hệ di truyền. Người dùng có thể hiểu rõ cơ sở toán học đằng sau việc gom nhóm các cá thể. Đây là công cụ cốt lõi trong phân tích di truyền quần thể.	scatter plot, PCA, thành phần chính, 2D, 3D, cluster, gom nhóm, cá thể, phân tích		figure_faq	scatter1	internal-figure-faq	Bộ câu hỏi đáp hình minh họa giám định ADN	Chatbot - nội dung dự án	1.0	scatter1	2026-08-12	2026-08-12	Dữ liệu dự án hiện hành	approved
80	Làm thế nào để xác định mẫu hài cốt thuộc nhóm quần thể nào qua biểu đồ scatter PCA?	Biểu đồ tán xạ PCA cho phép người dùng xác định mẫu hài cốt thuộc nhóm quần thể nào bằng cách quan sát vị trí của nó so với các cụm hiện có. Thông tin này hỗ trợ chọn quần thể tham chiếu phù hợp nhất. Biểu đồ đóng vai trò quan trọng trong quy trình giám định ADN.	scatter plot, PCA, thành phần chính, 2D, 3D, cluster, gom nhóm, cá thể, phân tích		figure_faq	scatter1	internal-figure-faq	Bộ câu hỏi đáp hình minh họa giám định ADN	Chatbot - nội dung dự án	1.0	scatter1	2026-08-12	2026-08-12	Dữ liệu dự án hiện hành	approved
81	Biểu đồ tán xạ thể hiện mối quan hệ giữa chỉ số LR và độ tin cậy kết quả giám định như thế nào?	Biểu đồ tán xạ thể hiện mối quan hệ giữa chỉ số LR (Likelihood Ratio) và độ tin cậy kết quả giám định ADN, giúp phân loại mẫu thành đạt, trung bình hoặc không xác định. Nó cung cấp cái nhìn trực quan về mức độ thuyết phục của kết quả đối sánh. Trong hệ thống giám định hài cốt liệt sĩ, biểu đồ này hỗ trợ ra quyết định nhanh chóng và chính xác.	scatter plot, LR, Likelihood Ratio, huyết thống, độ tin cậy, giám định, xác suất		figure_faq	scatter2	internal-figure-faq	Bộ câu hỏi đáp hình minh họa giám định ADN	Chatbot - nội dung dự án	1.0	scatter2	2026-08-12	2026-08-12	Dữ liệu dự án hiện hành	approved
82	Mẫu nào có chỉ số LR cao và độ tin cậy cao trong biểu đồ?	Biểu đồ tán xạ làm nổi bật các mẫu có chỉ số LR cao và nằm trong vùng độ tin cậy cao, giúp người dùng ưu tiên xác nhận danh tính. Thông tin này phản ánh những trường hợp có bằng chứng huyết thống mạnh. Biểu đồ hỗ trợ tối ưu hóa quy trình xử lý mẫu.	scatter plot, LR, Likelihood Ratio, huyết thống, độ tin cậy, giám định, xác suất		figure_faq	scatter2	internal-figure-faq	Bộ câu hỏi đáp hình minh họa giám định ADN	Chatbot - nội dung dự án	1.0	scatter2	2026-08-12	2026-08-12	Dữ liệu dự án hiện hành	approved
83	Mẫu nào nằm trong vùng không xác định (ambiguous) và cần xử lý thêm?	Biểu đồ tán xạ cảnh báo rõ các mẫu nằm trong vùng không xác định (ambiguous), hướng dẫn người dùng thực hiện các bước xử lý bổ sung. Việc phát hiện sớm giúp tránh kết quả sai lệch. Đây là công cụ quan trọng để nâng cao độ tin cậy tổng thể của hệ thống.	scatter plot, LR, Likelihood Ratio, huyết thống, độ tin cậy, giám định, xác suất		figure_faq	scatter2	internal-figure-faq	Bộ câu hỏi đáp hình minh họa giám định ADN	Chatbot - nội dung dự án	1.0	scatter2	2026-08-12	2026-08-12	Dữ liệu dự án hiện hành	approved
84	Hệ số LR (Likelihood Ratio) đo lường xác suất huyết thống so với giả thuyết ngẫu nhiên như thế nào?	Biểu đồ tán xạ giải thích rõ hệ số LR đo lường xác suất huyết thống so với giả thuyết ngẫu nhiên, giúp người dùng hiểu cơ sở thống kê của kết quả giám định. Thông tin này hỗ trợ giải thích kết quả cho thân nhân. Biểu đồ đóng vai trò then chốt trong việc xây dựng lòng tin vào hệ thống.	scatter plot, LR, Likelihood Ratio, huyết thống, độ tin cậy, giám định, xác suất		figure_faq	scatter2	internal-figure-faq	Bộ câu hỏi đáp hình minh họa giám định ADN	Chatbot - nội dung dự án	1.0	scatter2	2026-08-12	2026-08-12	Dữ liệu dự án hiện hành	approved
85	Khi nào kết quả LR được coi là bằng chứng mạnh cho quan hệ huyết thống?	Biểu đồ tán xạ hướng dẫn người dùng nhận diện ngưỡng LR đủ mạnh để coi là bằng chứng huyết thống thuyết phục. Việc hiểu rõ ngưỡng này giúp đưa ra quyết định chính xác trong giám định. Biểu đồ hỗ trợ cả nhà phân tích và quản lý hệ thống.	scatter plot, LR, Likelihood Ratio, huyết thống, độ tin cậy, giám định, xác suất		figure_faq	scatter2	internal-figure-faq	Bộ câu hỏi đáp hình minh họa giám định ADN	Chatbot - nội dung dự án	1.0	scatter2	2026-08-12	2026-08-12	Dữ liệu dự án hiện hành	approved
86	Biểu đồ bán tròn thể hiện tỷ lệ phân bố các dân tộc nào trong cơ sở dữ liệu thân nhân?	Biểu đồ bán tròn (gauge) thể hiện tỷ lệ phân bố các dân tộc trong cơ sở dữ liệu mẫu thân nhân của hệ thống giám định ADN. Nó giúp người dùng đánh giá tính đại diện dân tộc của dữ liệu hiện có. Trong giám định hài cốt liệt sĩ, biểu đồ này hỗ trợ phát hiện sự mất cân bằng và lập kế hoạch thu thập bổ sung.	semipie, bán tròn, dân tộc, phân bố, phần trăm, cơ sở dữ liệu, thân nhân, Việt Nam		figure_faq	semipie1	internal-figure-faq	Bộ câu hỏi đáp hình minh họa giám định ADN	Chatbot - nội dung dự án	1.0	semipie1	2026-08-12	2026-08-12	Dữ liệu dự án hiện hành	approved
87	Dân tộc nào chiếm tỷ lệ lớn nhất và giá trị cụ thể bao nhiêu phần trăm?	Biểu đồ bán tròn làm nổi bật dân tộc chiếm tỷ lệ lớn nhất trong cơ sở dữ liệu thân nhân, giúp người dùng nhận diện nhóm dân tộc được đại diện tốt nhất. Thông tin này hỗ trợ đánh giá tính công bằng của hệ thống. Biểu đồ đóng vai trò quan trọng trong việc đảm bảo kết quả giám định khách quan.	semipie, bán tròn, dân tộc, phân bố, phần trăm, cơ sở dữ liệu, thân nhân, Việt Nam		figure_faq	semipie1	internal-figure-faq	Bộ câu hỏi đáp hình minh họa giám định ADN	Chatbot - nội dung dự án	1.0	semipie1	2026-08-12	2026-08-12	Dữ liệu dự án hiện hành	approved
88	Dữ liệu phân bố dân tộc ảnh hưởng như thế nào đến kết quả giám định huyết thống?	Biểu đồ bán tròn giải thích rõ phân bố dân tộc ảnh hưởng trực tiếp đến tần số alen và độ tin cậy của kết quả giám định huyết thống. Khi một dân tộc chiếm ưu thế, hệ thống có thể thiên vị nếu không được cân bằng. Đây là công cụ quan trọng để quản lý dữ liệu tham chiếu.	semipie, bán tròn, dân tộc, phân bố, phần trăm, cơ sở dữ liệu, thân nhân, Việt Nam		figure_faq	semipie1	internal-figure-faq	Bộ câu hỏi đáp hình minh họa giám định ADN	Chatbot - nội dung dự án	1.0	semipie1	2026-08-12	2026-08-12	Dữ liệu dự án hiện hành	approved
89	Tỷ lệ dân tộc trong cơ sở dữ liệu có ảnh hưởng đến tần số alen và chỉ số FST không?	Biểu đồ bán tròn giúp người dùng hiểu rõ tỷ lệ dân tộc ảnh hưởng đến tần số alen và chỉ số FST trong phân tích di truyền. Việc theo dõi phân bố này hỗ trợ điều chỉnh cơ sở dữ liệu cho cân bằng hơn. Biểu đồ đóng góp vào việc nâng cao độ chính xác tổng thể của hệ thống.	semipie, bán tròn, dân tộc, phân bố, phần trăm, cơ sở dữ liệu, thân nhân, Việt Nam		figure_faq	semipie1	internal-figure-faq	Bộ câu hỏi đáp hình minh họa giám định ADN	Chatbot - nội dung dự án	1.0	semipie1	2026-08-12	2026-08-12	Dữ liệu dự án hiện hành	approved
90	Làm thế nào để cân bằng cơ sở dữ liệu thân nhân giữa các dân tộc để kết quả giám định khách quan?	Biểu đồ bán tròn hỗ trợ lập kế hoạch thu thập mẫu thân nhân để cân bằng tỷ lệ giữa các dân tộc, từ đó nâng cao tính khách quan của kết quả giám định. Người dùng có thể sử dụng thông tin này để ưu tiên các nhóm dân tộc đang thiếu. Đây là công cụ chiến lược quan trọng cho quản trị hệ thống.	semipie, bán tròn, dân tộc, phân bố, phần trăm, cơ sở dữ liệu, thân nhân, Việt Nam		figure_faq	semipie1	internal-figure-faq	Bộ câu hỏi đáp hình minh họa giám định ADN	Chatbot - nội dung dự án	1.0	semipie1	2026-08-12	2026-08-12	Dữ liệu dự án hiện hành	approved
91	Biểu đồ cây phả hệ (UPGMA Dendrogram) thể hiện quan hệ họ hàng di truyền giữa những cá thể nào?	Biểu đồ cây UPGMA Dendrogram thể hiện quan hệ họ hàng hoặc khoảng cách di truyền giữa các quần thể dưới dạng cây phân cấp. Các nhánh càng gần nhau thì quan hệ di truyền càng gần. Trong hệ thống giám định, biểu đồ này hỗ trợ hiểu rõ cấu trúc di truyền tổng thể của các quần thể tham chiếu.	UPGMA, dendrogram, cây phân cấp, phả hệ, quan hệ họ hàng, nhánh, khoảng cách di truyền		figure_faq	tree1	internal-figure-faq	Bộ câu hỏi đáp hình minh họa giám định ADN	Chatbot - nội dung dự án	1.0	tree1	2026-08-12	2026-08-12	Dữ liệu dự án hiện hành	approved
92	Nhánh nào trên cây có khoảng cách di truyền gần nhất và biểu thị quan hệ gần nhất?	Biểu đồ cây UPGMA Dendrogram làm nổi bật nhánh có khoảng cách di truyền gần nhất, giúp người dùng nhận diện các quần thể có nguồn gốc chung gần. Thông tin này hỗ trợ chọn quần thể tham chiếu phù hợp khi đối sánh mẫu hài cốt. Biểu đồ đóng vai trò quan trọng trong phân tích di truyền quần thể.	UPGMA, dendrogram, cây phân cấp, phả hệ, quan hệ họ hàng, nhánh, khoảng cách di truyền		figure_faq	tree1	internal-figure-faq	Bộ câu hỏi đáp hình minh họa giám định ADN	Chatbot - nội dung dự án	1.0	tree1	2026-08-12	2026-08-12	Dữ liệu dự án hiện hành	approved
93	Các cụm (cluster) trên cây phả hệ được xác định dựa trên tiêu chí nào?	Biểu đồ cây UPGMA Dendrogram xác định các cụm dựa trên khoảng cách di truyền, với nhánh gần nhau tạo thành cluster có quan hệ gần. Người dùng có thể dễ dàng quan sát cách các quần thể được gom nhóm. Đây là công cụ trực quan hỗ trợ hiểu rõ cấu trúc di truyền.	UPGMA, dendrogram, cây phân cấp, phả hệ, quan hệ họ hàng, nhánh, khoảng cách di truyền		figure_faq	tree1	internal-figure-faq	Bộ câu hỏi đáp hình minh họa giám định ADN	Chatbot - nội dung dự án	1.0	tree1	2026-08-12	2026-08-12	Dữ liệu dự án hiện hành	approved
94	Biểu đồ cây UPGMA Dendrogram thể hiện quan hệ họ hàng dưới dạng cây phân cấp như thế nào?	Biểu đồ cây UPGMA Dendrogram thể hiện quan hệ họ hàng di truyền dưới dạng cây phân cấp rõ ràng, với chiều dài nhánh phản ánh mức độ khác biệt. Người dùng có thể theo dõi từ root đến các nhánh con để hiểu mối quan hệ. Trong giám định hài cốt liệt sĩ, biểu đồ này hỗ trợ phân tích nguồn gốc di truyền.	UPGMA, dendrogram, cây phân cấp, phả hệ, quan hệ họ hàng, nhánh, khoảng cách di truyền		figure_faq	tree1	internal-figure-faq	Bộ câu hỏi đáp hình minh họa giám định ADN	Chatbot - nội dung dự án	1.0	tree1	2026-08-12	2026-08-12	Dữ liệu dự án hiện hành	approved
95	Các nhánh càng gần nhau thì quan hệ huyết thống càng như thế nào?	Biểu đồ cây UPGMA Dendrogram giải thích rõ các nhánh càng gần nhau thì quan hệ huyết thống càng gần, giúp người dùng hiểu trực quan về mức độ tương đồng di truyền. Thông tin này hỗ trợ quyết định đối sánh mẫu hài cốt. Biểu đồ đóng vai trò then chốt trong phân tích di truyền.	UPGMA, dendrogram, cây phân cấp, phả hệ, quan hệ họ hàng, nhánh, khoảng cách di truyền		figure_faq	tree1	internal-figure-faq	Bộ câu hỏi đáp hình minh họa giám định ADN	Chatbot - nội dung dự án	1.0	tree1	2026-08-12	2026-08-12	Dữ liệu dự án hiện hành	approved
96	Biểu đồ mạng thể hiện kết nối di truyền giữa các cá thể nào trong cùng dòng họ?	Biểu đồ mạng thể hiện kết nối di truyền giữa các cá thể trong cùng dòng họ, giúp xác định cụm gia đình lớn và các điểm lẻ. Các node và edge minh họa mối quan hệ rõ ràng. Trong hệ thống giám định, biểu đồ này hỗ trợ quản lý cây phả hệ và thu thập mẫu thân nhân bổ sung.	network, mạng, kết nối, di truyền, dòng họ, node, edge, cụm, gia đình, thân nhân		figure_faq	network1	internal-figure-faq	Bộ câu hỏi đáp hình minh họa giám định ADN	Chatbot - nội dung dự án	1.0	network1	2026-08-12	2026-08-12	Dữ liệu dự án hiện hành	approved
97	Nút (node) nào trong mạng có số kết nối (degree) cao nhất và mang ý nghĩa gì?	Biểu đồ mạng làm nổi bật node có số kết nối cao nhất, thường đại diện cho cá thể trung tâm trong cụm gia đình. Thông tin này giúp người dùng tập trung xử lý các điểm quan trọng. Biểu đồ hỗ trợ quản lý và tối ưu hóa quy trình thu thập mẫu.	network, mạng, kết nối, di truyền, dòng họ, node, edge, cụm, gia đình, thân nhân		figure_faq	network1	internal-figure-faq	Bộ câu hỏi đáp hình minh họa giám định ADN	Chatbot - nội dung dự án	1.0	network1	2026-08-12	2026-08-12	Dữ liệu dự án hiện hành	approved
98	Các cạnh (edge) màu sắc khác nhau trong mạng thể hiện loại quan hệ di truyền nào?	Biểu đồ mạng sử dụng màu sắc cạnh để thể hiện loại quan hệ di truyền khác nhau giữa các cá thể trong dòng họ. Người dùng có thể dễ dàng nhận diện mức độ gần gũi. Đây là công cụ trực quan quan trọng cho quản lý cây phả hệ.	network, mạng, kết nối, di truyền, dòng họ, node, edge, cụm, gia đình, thân nhân		figure_faq	network1	internal-figure-faq	Bộ câu hỏi đáp hình minh họa giám định ADN	Chatbot - nội dung dự án	1.0	network1	2026-08-12	2026-08-12	Dữ liệu dự án hiện hành	approved
99	Network graph giúp người quản lý thấy các cụm gia đình lớn như thế nào?	Biểu đồ mạng giúp người quản lý quan sát rõ các cụm gia đình lớn thông qua mật độ node và edge. Việc phát hiện cụm lớn hỗ trợ xử lý hàng loạt mẫu cùng lúc. Biểu đồ đóng góp trực tiếp vào hiệu quả vận hành hệ thống giám định.	network, mạng, kết nối, di truyền, dòng họ, node, edge, cụm, gia đình, thân nhân		figure_faq	network1	internal-figure-faq	Bộ câu hỏi đáp hình minh họa giám định ADN	Chatbot - nội dung dự án	1.0	network1	2026-08-12	2026-08-12	Dữ liệu dự án hiện hành	approved
100	Làm thế nào để phát hiện điểm lẻ trong mạng kết nối di truyền để thu thập thêm mẫu thân nhân?	Biểu đồ mạng giúp phát hiện các điểm lẻ (node có kết nối ít hoặc không có) để ưu tiên thu thập thêm mẫu thân nhân. Việc bổ sung dữ liệu cho điểm lẻ sẽ nâng cao tỷ lệ đối sánh tổng thể. Đây là công cụ thực tiễn quan trọng trong quản lý cây phả hệ.	network, mạng, kết nối, di truyền, dòng họ, node, edge, cụm, gia đình, thân nhân		figure_faq	network1	internal-figure-faq	Bộ câu hỏi đáp hình minh họa giám định ADN	Chatbot - nội dung dự án	1.0	network1	2026-08-12	2026-08-12	Dữ liệu dự án hiện hành	approved
101	Biểu đồ mạng thể hiện quan hệ giữa các Haplogroup nào và phân bố địa lý ra sao?	Biểu đồ mạng thể hiện quan hệ giữa các Haplogroup và phân bố địa lý tại Việt Nam (Phylogeography), giúp xác định nguồn gốc địa lý hoặc dân tộc của mẫu. Các node và edge minh họa mối quan hệ đột biến chung. Trong hệ thống giám định, biểu đồ này hỗ trợ phân tích nguồn gốc di truyền của hài cốt liệt sĩ.	network, Haplogroup, Phylogeography, phân bố địa lý, bản đồ, M, B, Việt Nam, kết nối, node		figure_faq	network2	internal-figure-faq	Bộ câu hỏi đáp hình minh họa giám định ADN	Chatbot - nội dung dự án	1.0	network2	2026-08-12	2026-08-12	Dữ liệu dự án hiện hành	approved
102	Haplogroup nào là nút trung tâm trong mạng và có bao nhiêu kết nối?	Biểu đồ mạng làm nổi bật Haplogroup là nút trung tâm với số kết nối cao, giúp người dùng hiểu rõ vai trò của nó trong cấu trúc phylogeography. Thông tin này hỗ trợ đánh giá tính phổ biến của Haplogroup. Biểu đồ đóng vai trò quan trọng trong nghiên cứu nguồn gốc di truyền.	network, Haplogroup, Phylogeography, phân bố địa lý, bản đồ, M, B, Việt Nam, kết nối, node		figure_faq	network2	internal-figure-faq	Bộ câu hỏi đáp hình minh họa giám định ADN	Chatbot - nội dung dự án	1.0	network2	2026-08-12	2026-08-12	Dữ liệu dự án hiện hành	approved
103	Các cạnh trong mạng phản ánh mối quan hệ đột biến chung giữa các Haplogroup như thế nào?	Biểu đồ mạng sử dụng cạnh để thể hiện mối quan hệ đột biến chung giữa các Haplogroup, giúp người dùng theo dõi dòng chảy di truyền. Thông tin này hỗ trợ xây dựng cây phả hệ Haplogroup. Trong giám định hài cốt liệt sĩ, biểu đồ này hỗ trợ xác định nguồn gốc địa lý.	network, Haplogroup, Phylogeography, phân bố địa lý, bản đồ, M, B, Việt Nam, kết nối, node		figure_faq	network2	internal-figure-faq	Bộ câu hỏi đáp hình minh họa giám định ADN	Chatbot - nội dung dự án	1.0	network2	2026-08-12	2026-08-12	Dữ liệu dự án hiện hành	approved
104	Phylogeography (phân bố địa lý của Haplogroup) giúp xác định nguồn gốc địa lý của mẫu hài cốt như thế nào?	Biểu đồ mạng phylogeography giúp xác định nguồn gốc địa lý của mẫu hài cốt thông qua vị trí và kết nối của Haplogroup. Người dùng có thể theo dõi mối quan hệ với các vùng miền Việt Nam. Đây là công cụ quan trọng để nâng cao độ chính xác của phân tích di truyền.	network, Haplogroup, Phylogeography, phân bố địa lý, bản đồ, M, B, Việt Nam, kết nối, node		figure_faq	network2	internal-figure-faq	Bộ câu hỏi đáp hình minh họa giám định ADN	Chatbot - nội dung dự án	1.0	network2	2026-08-12	2026-08-12	Dữ liệu dự án hiện hành	approved
105	Haplogroup M và Haplogroup B phân bố chủ yếu ở vùng nào tại Việt Nam?	Biểu đồ mạng phylogeography cho thấy phân bố chính của Haplogroup M và Haplogroup B tại Việt Nam, giúp người dùng hiểu rõ đặc trưng địa lý của hai macro-haplogroup phổ biến. Thông tin này hỗ trợ so sánh với mẫu hài cốt. Biểu đồ đóng góp vào việc xây dựng cơ sở dữ liệu tham chiếu đa dạng.	network, Haplogroup, Phylogeography, phân bố địa lý, bản đồ, M, B, Việt Nam, kết nối, node		figure_faq	network2	internal-figure-faq	Bộ câu hỏi đáp hình minh họa giám định ADN	Chatbot - nội dung dự án	1.0	network2	2026-08-12	2026-08-12	Dữ liệu dự án hiện hành	approved
